"2020-03-12 20:04:14.202","api.weixin.qq.com","lookup","5","1584014648739"
"2020-03-12 20:04:14.202","0.0.0.0","lookup","0","1584004445816"
"2020-03-12 20:04:14.202","localhost","lookup","0","1584004446650"
"2020-03-12 20:04:14.202","www.qq.com","lookup","0","1584004447356"
"2020-03-12 20:09:14.371","api.weixin.qq.com","lookup","5","1584014948744"
"2020-03-12 20:09:14.371","0.0.0.0","lookup","0","1584004445816"
"2020-03-12 20:09:14.371","localhost","lookup","0","1584004446650"
"2020-03-12 20:09:14.371","www.qq.com","lookup","0","1584004447356"
"2020-03-12 20:14:14.468","api.weixin.qq.com","lookup","5","1584015248747"
"2020-03-12 20:14:14.469","0.0.0.0","lookup","0","1584004445816"
"2020-03-12 20:14:14.469","localhost","lookup","0","1584004446650"
"2020-03-12 20:14:14.469","www.qq.com","lookup","0","1584004447356"
"2020-03-12 20:19:14.711","api.weixin.qq.com","lookup","5","1584015548765"
"2020-03-12 20:19:14.712","0.0.0.0","lookup","0","1584004445816"
"2020-03-12 20:19:14.712","localhost","lookup","0","1584004446650"
"2020-03-12 20:19:14.712","www.qq.com","lookup","0","1584004447356"
"2020-03-12 20:24:14.981","api.weixin.qq.com","lookup","5","1584015848780"
"2020-03-12 20:24:14.981","0.0.0.0","lookup","0","1584004445816"
"2020-03-12 20:24:14.981","localhost","lookup","0","1584004446650"
"2020-03-12 20:24:14.981","www.qq.com","lookup","0","1584004447356"
"2020-03-12 20:29:15.197","api.weixin.qq.com","lookup","5","1584016148800"
"2020-03-12 20:29:15.198","0.0.0.0","lookup","0","1584004445816"
"2020-03-12 20:29:15.199","localhost","lookup","0","1584004446650"
"2020-03-12 20:29:15.199","www.qq.com","lookup","0","1584004447356"
"2020-03-12 20:34:15.427","api.weixin.qq.com","lookup","5","1584016448862"
"2020-03-12 20:34:15.429","0.0.0.0","lookup","0","1584004445816"
"2020-03-12 20:34:15.429","localhost","lookup","0","1584004446650"
"2020-03-12 20:34:15.429","www.qq.com","lookup","0","1584004447356"
"2020-03-12 20:39:15.636","api.weixin.qq.com","lookup","5","1584016748913"
"2020-03-12 20:39:15.637","0.0.0.0","lookup","0","1584004445816"
"2020-03-12 20:39:15.637","localhost","lookup","0","1584004446650"
"2020-03-12 20:39:15.637","www.qq.com","lookup","0","1584004447356"
"2020-03-12 20:44:15.828","api.weixin.qq.com","lookup","5","1584017048915"
"2020-03-12 20:44:15.829","0.0.0.0","lookup","0","1584004445816"
"2020-03-12 20:44:15.830","localhost","lookup","0","1584004446650"
"2020-03-12 20:44:15.831","www.qq.com","lookup","0","1584004447356"
"2020-03-12 20:49:15.971","api.weixin.qq.com","lookup","5","1584017348932"
"2020-03-12 20:49:15.971","0.0.0.0","lookup","0","1584004445816"
"2020-03-12 20:49:15.972","localhost","lookup","0","1584004446650"
"2020-03-12 20:49:15.972","www.qq.com","lookup","0","1584004447356"
"2020-03-12 20:54:16.174","api.weixin.qq.com","lookup","5","1584017648933"
"2020-03-12 20:54:16.174","0.0.0.0","lookup","0","1584004445816"
"2020-03-12 20:54:16.174","localhost","lookup","0","1584004446650"
"2020-03-12 20:54:16.174","www.qq.com","lookup","0","1584004447356"
"2020-03-12 20:59:16.298","api.weixin.qq.com","lookup","5","1584017948954"
"2020-03-12 20:59:16.299","0.0.0.0","lookup","0","1584004445816"
"2020-03-12 20:59:16.299","localhost","lookup","0","1584004446650"
"2020-03-12 20:59:16.300","www.qq.com","lookup","0","1584004447356"
